zcta5,white,black,api,native,multiple,hispanic
30165,0.9428571428571428,0.05714285714285714,0.0,0.0,0.0,0.0
31905,0.2222222222222222,0.1111111111111111,0.1111111111111111,0.1111111111111111,0.0,0.4444444444444444
35004,0.8588845156954977,0.08937314005951809,0.016031486992416244,0.002687913986752424,0.01247960065277911,0.02054334261303638
35005,0.5867154020670532,0.3763549281572977,0.0021426770859591633,0.004789513486261659,0.010209226115452483,0.019788253087975802
35006,0.9195254889387624,0.05354280218018595,0.0003206155819172812,0.007374158384097467,0.009939083039435716,0.009297851875601153
35007,0.7424815621536933,0.1324467881844931,0.008215827887959035,0.002789560166609347,0.01184607741984791,0.10222018418739728
35010,0.6522198731501055,0.2877186238708437,0.007399577167019025,0.0027388045358447046,0.007063232750336343,0.04285988852585046
35013,0.13709677419354838,0.0,0.03225806451612903,0.0,0.0,0.8306451612903226
35014,0.4923009238891333,0.4861416630004399,0.0008798944126704796,0.0017597888253409592,0.010118785745710514,0.008798944126704795
35016,0.9541579731743665,0.0014903129657228016,0.005603576751117734,0.007272727272727272,0.012518628912071533,0.018956780923994034
35019,0.9433160132262636,0.008502598016060462,0.0033065658951346244,0.011336797354747285,0.008502598016060462,0.025035427491733587
35020,0.17571802529218744,0.7500276518084282,0.000847988791800317,0.0029863953102532907,0.006673303100689452,0.06374663569664123
35022,0.5918388977212505,0.35829358770535236,0.0064122946475887645,0.002543720190779014,0.009379968203497615,0.03153153153153153
35023,0.7388379686086307,0.2320522402737894,0.003855080445301129,0.002910979111757996,0.007513473112780773,0.014830258447740058
35031,0.8795256717547623,0.003153778226315126,0.003532231613472941,0.005802951936419831,0.011858206130944873,0.09612716033808504
35032,0.7230769230769231,0.12307692307692307,0.0,0.0,0.1076923076923077,0.046153846153846156
35033,0.9776667646194535,0.003820158683514546,0.002644725242433147,0.002644725242433147,0.006464883925947693,0.006758742286218043
35034,0.4288034650785057,0.5488179029056127,0.0009023641941887746,0.0007218913553510197,0.005053239487457137,0.01570113697888468
35035,0.8083491461100569,0.15370018975332067,0.0,0.008222643896268185,0.02024035420619861,0.009487666034155597
35036,0.6020408163265306,0.3741496598639456,0.003401360544217688,0.0,0.020408163265306124,0.0
35040,0.7337301852718882,0.19249548525182264,0.00595277907832252,0.002340980536418969,0.014514079325797607,0.05096649053575012
35042,0.778560384813606,0.1803813777701426,0.002920460401992785,0.004294794708812919,0.008933172994330872,0.024909809311114934
35043,0.8924393414211437,0.04820190641247833,0.013106585788561522,0.0038994800693240893,0.00823223570190641,0.03412045060658578
35044,0.6294277929155314,0.33761515505384715,0.003373556507071494,0.002984299987024783,0.014013234721681589,0.01258596081484365
35045,0.7750622769810813,0.13875984649565745,0.005049484952534842,0.002423752777216724,0.00895441998249512,0.0697502188110146
35046,0.9565302525944783,0.007636577246915999,0.0011748580379870768,0.005091051497944,0.009007244957900921,0.020560015664773845
35049,0.8873309964947421,0.004256384576865298,0.002253380070105158,0.0030045067601402104,0.008012018027040562,0.09514271407110667
35051,0.8135187507124131,0.13689729852957938,0.003419582810897071,0.0018237774991451045,0.010714692807477487,0.03362589764048786
35052,0.9747292418772563,0.018050541516245487,0.0,0.0,0.0,0.007220216606498195
35053,0.9751529051987766,0.00038226299694189603,0.0030581039755351682,0.006880733944954128,0.007262996941896024,0.007262996941896024
35054,0.9204684069285192,0.041717492071236886,0.0051232007806782135,0.0024396194193705783,0.010490363503293488,0.019760917296901683
35055,0.8953386556785988,0.0068503734226113815,0.007674478496008239,0.004017512232809682,0.008498583569405097,0.07762039660056655
35057,0.9499207606973059,0.002456418383518225,0.002931854199683043,0.008082408874801902,0.008716323296354992,0.027892234548335976
35058,0.915223519935562,0.002919855014095852,0.005537656061216271,0.0037253322593636734,0.009565042287555378,0.063028594442207
35060,0.2753623188405797,0.6932367149758454,0.0,0.00966183574879227,0.012077294685990338,0.00966183574879227
35061,0.09965870307167235,0.8812286689419795,0.0,0.0006825938566552901,0.007508532423208191,0.010921501706484642
35062,0.9578244995593604,0.02492760921566159,0.0011330731461664358,0.005287674682110034,0.006294850812035755,0.004532292584665743
35063,0.9536989136057941,0.016295913088463527,0.0010346611484738748,0.005173305742369374,0.01189860320744956,0.01189860320744956
35064,0.03972758229284903,0.944206758054658,0.00026194010302977384,0.00026194010302977384,0.004278355016152972,0.011263424430280274
35068,0.6745054641029187,0.1747129616821137,0.009821552081892377,0.0047032784617512795,0.01424816710471711,0.12200857656660671
35070,0.977272727272727,0.0037878787878787862,0.0,0.0075757575757575725,0.0037878787878787862,0.0075757575757575725
35071,0.8825370464997444,0.08009708737864077,0.01149718957588145,0.0023633111905978534,0.00900613183444047,0.014499233520694939
35072,0.5980335454019665,0.3799884326200116,0.0009639483323693851,0.0042413726624252945,0.00963948332369385,0.007133217659533449
35073,0.7295254094918102,0.23351532969340616,0.0020999580008399833,0.005459890802183957,0.014279714405711887,0.01511969760604788
35074,0.989247311827957,0.010752688172043012,0.0,0.0,0.0,0.0
35077,0.9026117414147568,0.04271682022386354,0.004035635422218837,0.003654915099368004,0.012716058783217847,0.03426482905657504
35078,0.7281460134486071,0.22334293948126802,0.005763688760806916,0.0038424591738712775,0.012487992315081652,0.026416906820365033
35079,0.9532137179196004,0.012832159890983422,0.0018169429934135816,0.004883034294799002,0.012832159890983422,0.014421985010220306
35080,0.8378940731399747,0.09810844892812105,0.01557377049180328,0.0023959646910466583,0.011538461538461537,0.034489281210592686
35082,1.0,0.0,0.0,0.0,0.0,0.0
35083,0.9586903304773562,0.0021419828641370867,0.0018359853121175031,0.004895960832313341,0.010097919216646267,0.02233782129742962
35085,0.7817855942645905,0.07628542623501736,0.002576453455808222,0.003360591464097681,0.007617340651954744,0.12837459392853143
35087,0.9205673758865248,0.00047281323877068556,0.00047281323877068556,0.009929078014184398,0.012293144208037825,0.05626477541371158
35089,0.4959785522788204,0.46872207327971405,0.0008936550491510277,0.0008936550491510277,0.010723860589812333,0.022788203753351208
35091,0.9632217727105553,0.018389113644722323,0.003677822728944465,0.001471129091577786,0.005516734093416698,0.007723427730783376
35094,0.7992253521126761,0.12154929577464788,0.005774647887323943,0.0027464788732394366,0.015352112676056339,0.05535211267605634
35096,0.7578435138942247,0.19951338199513383,0.003073376872839032,0.004866180048661801,0.015110769624791907,0.01959277756434883
35097,0.9513729977116705,0.012585812356979404,0.0,0.003432494279176201,0.005720823798627002,0.02688787185354691
35098,0.9541818181818181,0.0014545454545454545,0.0,0.005818181818181818,0.005818181818181818,0.03272727272727273
35111,0.8613437558161177,0.10869160617904337,0.006203858800173708,0.002109311992059061,0.008623363732241455,0.013028103480364789
35112,0.6953807740324595,0.23595505617977527,0.02122347066167291,0.003745318352059925,0.0299625468164794,0.01373283395755306
35114,0.7997206703910615,0.1149441340782123,0.011173184357541902,0.0036312849162011174,0.010754189944134079,0.05977653631284917
35115,0.7257195519637034,0.16560328938040553,0.0034736991351198075,0.002552105487026797,0.011768041967956899,0.0908833120657876
35116,0.9691037735849056,0.008490566037735849,0.0016509433962264152,0.005424528301886792,0.00589622641509434,0.009433962264150943
35117,0.9634737234439059,0.016958628401043608,0.0027953783078643307,0.002981736861721953,0.005963473723443906,0.007827059262020127
35118,0.858463500159388,0.1204972904048454,0.0,0.005419190309212624,0.00701306981192222,0.008606949314631815
35119,0.45689655172413796,0.5258620689655172,0.0,0.0,0.017241379310344827,0.0
35120,0.8960954446854663,0.06514822848879248,0.004844540853217642,0.003326102675343456,0.009689081706435284,0.020896601590744756
35121,0.7939436800822939,0.026488363122026487,0.0028288543140028285,0.00405040504050405,0.009000900090009,0.16368779735116365
35124,0.7545996259405856,0.06807011439258842,0.0260971684572224,0.0024357357226740903,0.010047409856030623,0.13874994563089907
35125,0.8623264719961704,0.08980373384394448,0.0035423647678314986,0.004499760651029201,0.01589277166108186,0.023934897079942556
35126,0.8261610762992997,0.12877810541835605,0.004561371175820125,0.002672318466642094,0.00903059343899742,0.02879653520088463
35127,0.5357709076496233,0.44708680142687274,0.0018826793499801822,0.0028735632183908037,0.00673801030519223,0.005648038049940546
35128,0.8466522678185747,0.11437266836834872,0.008148439033968193,0.0023561751423522483,0.00952287453367367,0.018947575103082665
35130,0.9078255490256727,0.06619239096814104,0.001546551190844417,0.006186204763377668,0.011753789050417568,0.006495515001546551
35131,0.9040270074752832,0.0689655172413793,0.0014468290330359292,0.0009645526886906195,0.009163250542560885,0.015432843019049913
35133,0.9539288456616329,0.0053749680061428206,0.0033273611466598414,0.0043511645764013306,0.012285641156897875,0.020732019452265164
35135,0.8504415011037527,0.12086092715231789,0.008830022075055188,0.0016556291390728477,0.008278145695364239,0.009933774834437087
35136,0.8129175946547884,0.17316258351893096,0.0005567928730512249,0.0016703786191536749,0.0005567928730512249,0.011135857461024499
35139,0.9266666666666666,0.02,0.0,0.03333333333333333,0.02,0.0
35143,0.9387381895763487,0.0277354465102103,0.0009143553794574825,0.0027430661383724473,0.009448338921060652,0.020420603474550443
35146,0.8531749657377798,0.11585198720877113,0.003289173138419369,0.00319780721790772,0.007126541799908634,0.01735952489721334
35147,0.8811355311355311,0.05586080586080587,0.019597069597069597,0.003663003663003663,0.010805860805860807,0.028937728937728942
35148,0.9322723908216136,0.03923019985196151,0.0033308660251665434,0.0033308660251665434,0.014433752775721688,0.007401924500370096
35149,0.7365079365079366,0.23174603174603176,0.0015873015873015873,0.0031746031746031746,0.015873015873015872,0.011111111111111112
35150,0.6613942906668111,0.29722116895076106,0.003954281999891663,0.0030334218081360703,0.009966957369589946,0.02442987920481014
35151,0.8621458551941239,0.11306400839454356,0.0007869884575026233,0.003934942287513116,0.010230849947534103,0.009837355718782791
35160,0.5385074626865671,0.42003731343283585,0.0035820895522388064,0.002126865671641791,0.01041044776119403,0.02533582089552239
35171,0.8642878926501982,0.05367490088441598,0.003964623360780725,0.0012198841110094539,0.006709362610551998,0.07014333638304361
35172,0.92828418230563,0.019772117962466487,0.0020107238605898124,0.007707774798927613,0.005697050938337801,0.036528150134048254
35173,0.9009499582654318,0.05906435072936126,0.014308994793115783,0.001868118764656783,0.00794944155173099,0.015859135895703327
35175,0.9581349206349206,0.004563492063492063,0.004166666666666667,0.010515873015873015,0.011706349206349206,0.010912698412698412
35176,0.975,0.0,0.0010869565217391304,0.002173913043478261,0.006521739130434783,0.015217391304347825
35178,0.7601421379923009,0.21498371335504887,0.002368966538347646,0.0029612081729345576,0.009475866153390584,0.010068107787977496
35179,0.9634881643590888,0.0022331397945511387,0.0024564537740062523,0.0037963376507369356,0.008597588209021885,0.019428316212594908
35180,0.9317571977663354,0.03974182319239974,0.0026832982812386684,0.003190949307418957,0.012256146203495539,0.010370585249111608
35183,0.9673758865248226,0.005673758865248227,0.0014184397163120568,0.0028368794326241137,0.012765957446808512,0.009929078014184396
35184,0.8989033584647019,0.0755654557916381,0.0005140507196710076,0.002227553118574366,0.00616860863605209,0.016620973269362578
35186,0.9128580134064594,0.04854763355677432,0.0024375380865326018,0.003453178955921186,0.009750152346130407,0.022953483648182
35187,0.1875,0.8125,0.0,0.0,0.0,0.0
35188,0.9251198819623755,0.04869052010328293,0.0007377351530800443,0.0014754703061600886,0.007008483954260421,0.01696790852084102
35203,0.3025830258302583,0.6602530311017396,0.003953610964681076,0.0044807590933052185,0.010542962572482868,0.018186610437532946
35204,0.015189628482972136,0.9190208978328173,0.0009674922600619195,0.0011609907120743034,0.005127708978328174,0.058533281733746126
35205,0.5271211427990443,0.33180824564079103,0.04249911036551269,0.002694321590158101,0.012353210309592803,0.08352396929490113
35206,0.20002331274041257,0.7636670940669075,0.0043128569763375675,0.0023895558922951386,0.0093250961650542,0.020282084158992884
35207,0.054531319413593966,0.9229231452687695,0.0009995557529986674,0.0008884940026654822,0.005553087516659264,0.015104398045313196
35208,0.03758588171898155,0.9307557591270376,0.0007409403206250843,0.0011450895864205848,0.0034352687592617537,0.026337060487673446
35209,0.5861262665627436,0.2828289674336643,0.019383916771154565,0.0018977261174556914,0.010268053814090617,0.09949506930089126
35210,0.5980061679695905,0.30868536183030915,0.011905615721150401,0.0015778526859355952,0.012335939180951017,0.06748906261206342
35211,0.06400671345743059,0.9061641745498933,0.01190112908147696,0.0016402197131522736,0.006942325297528228,0.009345437900518769
35212,0.20761425721966872,0.7102593010146561,0.005376810337351487,0.0021680686844159224,0.00667765154800104,0.06790391119590669
35213,0.8888973210897778,0.08082264551870684,0.008651438111861578,0.0008347878879866436,0.006298854063899219,0.014494953327768083
35214,0.20874183006535948,0.7661356209150326,0.001838235294117647,0.0013786764705882352,0.007761437908496731,0.014144199346405229
35215,0.2642744445865848,0.6724446718690035,0.0035819368044006654,0.0018336105070146265,0.01085241567523773,0.047012920557758735
35216,0.651980198019802,0.18811881188118815,0.04224422442244225,0.001897689768976898,0.010781078107810784,0.10497799779977998
35217,0.31249544626593817,0.6069945355191257,0.004371584699453553,0.0031329690346083797,0.009398907103825137,0.06360655737704919
35218,0.0327935773574636,0.9281534902707852,0.0012246564158388895,0.0025853857667709895,0.007620084365219757,0.027622805823921622
35221,0.019449617214980345,0.9648251603558866,0.0006207324643078833,0.00041382164287192223,0.0051727705358990276,0.009517897786054212
35222,0.5768498540423912,0.37517451453230105,0.01040741210813555,0.0011422769386978044,0.011422769386978043,0.025003172991496382
35223,0.9641239354955607,0.008969016126109801,0.011686899800688528,0.0009965573473455335,0.005435767349157455,0.008787823881137887
35224,0.3286277084701248,0.6433026920551543,0.0016414970453053185,0.003611293499671701,0.010177281680892976,0.012639527248850953
35226,0.8236417454406568,0.08478945860784874,0.05280244438078869,0.0009866641204366784,0.011489862821859383,0.026289824628409557
35228,0.10006722366272928,0.8758282915586286,0.0014405070584845865,0.0008643042350907519,0.008354940939210602,0.013444732545856142
35229,0.9170212765957447,0.05425531914893617,0.00851063829787234,0.002127659574468085,0.002127659574468085,0.015957446808510637
35233,0.5649847094801224,0.2561162079510703,0.0779816513761468,0.0045871559633027525,0.020642201834862386,0.07568807339449542
35234,0.08115390711681726,0.8831827547947378,0.003328578221588208,0.0007925186241876685,0.005547630369313679,0.025994610873355528
35235,0.48484692829258264,0.4667146085884528,0.011146496815286623,0.0021060201356071498,0.01145469488391206,0.02373125128415862
35242,0.8324678211319686,0.07941158641314232,0.03552304552526824,0.0016771403746287054,0.009759744589706803,0.041160661965285214
35243,0.9103934369403202,0.032237564272921605,0.02276272459414178,0.002542030157721417,0.008839332139349473,0.023224911895545673
35244,0.7497758402127198,0.14491543765266052,0.056982963856166705,0.0021024642117305134,0.012985808366570817,0.033237485700151496
35254,0.7442857142857144,0.16285714285714287,0.03071428571428572,0.002142857142857143,0.025714285714285717,0.03428571428571429
35401,0.48513286327252647,0.4596893583920909,0.021253105161468396,0.0019070082553383685,0.00797932401575791,0.024038340902817854
35404,0.48869737213902237,0.42954695299990586,0.009324667985306586,0.0032495055100310827,0.011161345012715458,0.058020156353018756
35405,0.5157894736842106,0.4385167464114834,0.01169590643274854,0.001780967570441255,0.008718766613503457,0.02349813928761298
35406,0.8577097914712462,0.0722995887149145,0.029655819323183494,0.00187603723212353,0.008875099213507468,0.029583664045024896
35441,0.43113207547169813,0.559433962264151,0.0,0.0018867924528301887,0.0018867924528301887,0.005660377358490566
35442,0.20060362173038232,0.777867203219316,0.0006036217303822939,0.00040241448692152917,0.009859154929577467,0.010663983903420524
35443,0.10353409656545545,0.8865107018417123,0.0,0.0009955201592832255,0.0054753608760577405,0.003484320557491289
35444,0.906926406926407,0.05654761904761905,0.0018939393939393942,0.0037878787878787884,0.010822510822510824,0.020021645021645024
35446,0.8209489704565801,0.135183527305282,0.0,0.004923903312444047,0.007162041181736795,0.03178155774395703
35447,0.44479860909881197,0.49811648797450014,0.0,0.0011590843233845263,0.006664734859461026,0.049261083743842374
35452,0.9275773195876289,0.02190721649484536,0.004381443298969072,0.002061855670103093,0.004896907216494845,0.03917525773195876
35453,0.795593525179856,0.15053956834532373,0.0026978417266187047,0.0017086330935251798,0.00962230215827338,0.03983812949640287
35456,0.8042032455440277,0.15881883479648842,0.00186219739292365,0.0026602819898909284,0.008246874168661877,0.024208566108007448
35457,0.8658536585365854,0.06097560975609756,0.0,0.0,0.024390243902439025,0.04878048780487805
35458,0.8434343434343434,0.10101010101010101,0.011784511784511785,0.0016835016835016834,0.013468013468013467,0.02861952861952862
35459,0.29243119266055045,0.7006880733944955,0.0,0.0,0.0011467889908256881,0.005733944954128441
35460,0.10431654676258993,0.8896882494004796,0.0,0.001199040767386091,0.001199040767386091,0.0035971223021582736
35461,0.6904151717068171,0.2972834443874936,0.004100461301896463,0.0015376729882111738,0.0030753459764223477,0.0035879036391594054
35462,0.17466903773957715,0.8063623789764869,0.002963841138114997,0.0013831258644536654,0.003951788184153329,0.01066982809721399
35463,0.6066323613493425,0.37964551172098343,0.002287021154945683,0.0005717552887364208,0.007432818753573471,0.003430531732418525
35464,0.11314984709480122,0.8807339449541285,0.0,0.0,0.0061162079510703364,0.0
35466,0.8181518695437325,0.15335200131774004,0.0034590676988963927,0.002141327623126338,0.009883050568275407,0.013012683248229285
35469,0.5384615384615384,0.45701357466063347,0.0,0.0,0.004524886877828055,0.0
35470,0.3209583028529627,0.6644111192392099,0.004754937820043892,0.000365764447695684,0.004023408924652524,0.005486466715435259
35473,0.7656375838926175,0.17570469798657717,0.013825503355704698,0.0038926174496644295,0.00912751677852349,0.03181208053691275
35474,0.6208906882591092,0.3491497975708502,0.003076923076923076,0.004048582995951416,0.008097165991902832,0.014736842105263156
35475,0.9219256500448307,0.05138285398993034,0.00441409752396717,0.002689840678667494,0.006759086833574729,0.01282847092902959
35476,0.4378011117974058,0.4596664607782582,0.009388511426806672,0.002100061766522545,0.008770846201358864,0.08227300802964793
35477,0.08955223880597014,0.9104477611940298,0.0,0.0,0.0,0.0
35480,0.6492926284437825,0.33581533879374537,0.0007446016381236039,0.0,0.010424422933730455,0.0037230081906180195
35481,0.6546644844517184,0.3325150027277686,0.0,0.0013638843426077467,0.006273867975995635,0.005182760501909437
35490,0.891856846473029,0.06561203319502075,0.0023340248962655597,0.001037344398340249,0.010892116182572614,0.02826763485477178
35501,0.7519215987701767,0.1733282090699462,0.0034588777863182167,0.0027863182167563415,0.015564950038431976,0.052940046118370485
35503,0.961177897871402,0.007389434211977503,0.004411602514613434,0.003088121760229404,0.008602624903496198,0.015330318738281685
35504,0.9423020312040036,0.016558728289667354,0.006549896967912865,0.0035325287017957023,0.008242566970856638,0.02281424786576391
35540,0.979296066252588,0.00041407867494824016,0.0012422360248447205,0.0016563146997929607,0.005797101449275362,0.011594202898550725
35541,0.9755351681957186,0.0030581039755351682,0.0013900472616068947,0.003892132332499305,0.011120378092855158,0.0050041701417848205
35542,0.9794319294809011,0.009794319294809012,0.0,0.0,0.00881488736532811,0.0019588638589618022
35543,0.9718557607739666,0.0,0.001759014951627089,0.005277044854881266,0.007036059806508356,0.014072119613016711
35544,0.9479940564635958,0.029717682020802376,0.0,0.0014858841010401188,0.010401188707280832,0.010401188707280832
35545,0.94,0.04,0.01,0.0,0.01,0.0
35546,0.9505255062804409,0.029479620610099976,0.0017944116893104333,0.0030761343245321714,0.007946680338374775,0.007177646757241733
35548,0.9794608472400513,0.0019255455712451862,0.0006418485237483953,0.0006418485237483953,0.008985879332477536,0.00834403080872914
35549,0.9398478912191749,0.03964047015441346,0.0009218713989398477,0.0018437427978796955,0.008527310440193593,0.009218713989398478
35550,0.8957701231483134,0.07174727824379797,0.0012493307156880244,0.005532750312332679,0.012671782973407103,0.013028734606460824
35552,0.9337811900191938,0.0489443378119002,0.0,0.0,0.01439539347408829,0.002879078694817658
35553,0.9711476811284463,0.0032058132079504165,0.0025646505663603335,0.006625347296430861,0.006197905535370805,0.010258602265441334
35554,0.9679595278246206,0.01854974704890388,0.002529510961214165,0.0008431703204047217,0.005902192242833052,0.0042158516020236085
35555,0.7979361179361179,0.1703194103194103,0.0032432432432432426,0.0035380835380835383,0.010417690417690417,0.014545454545454545
35559,1.0,0.0,0.0,0.0,0.0,0.0
35563,0.9065743944636678,0.06389850057670128,0.0006920415224913495,0.004382929642445213,0.00922722029988466,0.015224913494809688
35564,0.9719626168224299,0.0033984706881903144,0.0,0.001274426508071368,0.01231945624468989,0.011045029736618521
35565,0.9244177421747516,0.006082183652277111,0.0034861296543539535,0.006675567423230975,0.014389556445631214,0.04494882064975523
35570,0.901687915245107,0.056652899982043474,0.0026036990483031073,0.003232178128927995,0.009247620757766207,0.026575686837852407
35571,0.959731543624161,0.0022371364653243847,0.0011185682326621924,0.010067114093959731,0.006711409395973154,0.020134228187919462
35572,0.9549071618037135,0.007073386383731211,0.0017683465959328027,0.011494252873563218,0.014146772767462422,0.010610079575596816
35574,0.9087882822902796,0.06258322237017311,0.0006657789613848203,0.0,0.018641810918774968,0.009320905459387484
35575,0.9724950884086444,0.004911591355599214,0.0,0.003929273084479371,0.012770137524557957,0.005893909626719057
35576,0.8445756916381723,0.1358408455082375,0.0006216972334473111,0.0012433944668946222,0.011812247435498913,0.005906123717749456
35577,1.0,0.0,0.0,0.0,0.0,0.0
35578,0.9710269158237613,0.003600205726041488,0.001028630207440425,0.0013715069432539003,0.011486370649751415,0.011486370649751415
35579,0.929483088704531,0.052967453733248245,0.0009572431397574985,0.0015954052329291643,0.010529674537332483,0.004467134652201659
35580,0.8888595564941921,0.0810454065469905,0.002375923970432946,0.0021119324181626186,0.014783526927138331,0.01082365364308342
35581,0.9331717451523545,0.006232686980609418,0.0006925207756232686,0.003981994459833794,0.009002770083102492,0.046918282548476443
35582,0.9293052837573387,0.01076320939334638,0.0012230919765166342,0.001956947162426615,0.013209393346379649,0.04354207436399218
35584,0.5978260869565217,0.3760869565217391,0.004347826086956522,0.0,0.013043478260869565,0.008695652173913044
35585,0.9308885754583921,0.004936530324400564,0.0007052186177715092,0.0007052186177715092,0.013399153737658674,0.04936530324400564
35586,0.8435541629364368,0.12376902417188898,0.00044762757385854963,0.0011190689346463742,0.013652641002685765,0.017457475380483437
35587,0.9853515625,0.0009765625,0.0009765625,0.0009765625,0.009765625,0.001953125
35592,0.8603304012014589,0.118214975327183,0.00021454623471358077,0.0032181935207037113,0.006436387041407423,0.01158549667453336
35593,0.9668565510098395,0.005696530295183843,0.004142931123770067,0.004660797514241326,0.006214396685655101,0.012428793371310202
35594,0.9305252343649673,0.03968152048285604,0.001669449081803005,0.0020547065622190832,0.008732502889431103,0.017336586618723514
35601,0.5353820211652517,0.25744272589836026,0.006192580532620071,0.005087800907082218,0.01593208512617746,0.17996278637050817
35603,0.7842938112243226,0.12705173148117813,0.011990957638502112,0.007109392916816826,0.016643187104806213,0.05291091963437407
35610,0.9733333333333335,0.003111111111111112,0.0013333333333333337,0.004000000000000001,0.009333333333333334,0.00888888888888889
35611,0.7035935268919562,0.17158495954307473,0.00650483896557195,0.004957956528637157,0.017808979850864666,0.09554973821989528
35613,0.8261335411289146,0.11966103345833537,0.006672186236789559,0.005649442361077291,0.012272926508547218,0.02961087030633614
35614,0.8542841794251947,0.04002148804727371,0.0034918076819769007,0.007117915659414451,0.015713134568896052,0.07937147461724417
35615,0.208955223880597,0.7313432835820896,0.014925373134328358,0.0,0.0,0.04477611940298507
35616,0.8421573478476002,0.12617516081147948,0.001731815932706581,0.004453240969816923,0.012122711528946067,0.013359722909450767
35618,0.42750133761369713,0.5173889780631353,0.0016051364365971107,0.01337613697164259,0.026217228464419474,0.013911182450508293
35619,0.8728301150770431,0.04291008386970938,0.0001950458357714063,0.04173980885508094,0.02847669202262532,0.013848254339769845
35620,0.9290388086642599,0.028993682310469313,0.0027075812274368234,0.004963898916967509,0.008348375451263539,0.02594765342960289
35621,0.9621318373071529,0.001402524544179523,0.0017531556802244039,0.0070126227208976155,0.0182328190743338,0.009467040673211781
35622,0.9457227937195453,0.009339469409853817,0.0024363833243096914,0.006497022198159177,0.018002165674066054,0.018002165674066054
35630,0.7057777232580962,0.21804465161923453,0.014658979391560353,0.0038027477919528947,0.01784838076545633,0.039867517173699706
35633,0.9114688128772638,0.05753569033247102,0.0037846124365239057,0.0025869502730669737,0.010491520551882728,0.0141324135287918
35634,0.9450855141149804,0.019987636513496807,0.004739336492890996,0.0030908716257984753,0.009375643931588708,0.017720997321244592
35640,0.9214312214023661,0.029391153798590215,0.0036687414980007423,0.009316130096046829,0.014592522362834414,0.021600230842161672
35643,0.6209595100374277,0.30350459339911534,0.002381762504253147,0.037427696495406594,0.02619938754678462,0.009527050017012588
35645,0.9494877632327833,0.020916334661354584,0.004268639726807058,0.0027034718269778033,0.009817871371656232,0.012805919180421173
35646,0.7058696590418646,0.23953388001726372,0.0002157962883038412,0.01251618472162279,0.014458351316357362,0.027406128614587834
35647,0.9572815533980582,0.027184466019417475,0.0,0.001941747572815534,0.003883495145631068,0.009708737864077669
35648,0.9801925722145804,0.0008253094910591472,0.0011004126547455295,0.005777166437414031,0.006327372764786795,0.005777166437414031
35649,0.9558823529411765,0.04411764705882353,0.0,0.0,0.0,0.0
35650,0.8334885053355297,0.04705292558905679,0.002148535415025424,0.05493088877748335,0.045548950798539,0.016830194084365827
35651,0.8251908396946563,0.025954198473282442,0.0007633587786259541,0.08549618320610686,0.051908396946564885,0.010687022900763357
35652,0.9300024431957,0.045443440019545575,0.0030539946249694603,0.00537503053994625,0.007085267529929148,0.009039824089909602
35653,0.6790655884995507,0.07529200359389038,0.001976639712488769,0.0036837376460017966,0.012488769092542675,0.22749326145552556
35654,0.7588987443842875,0.035479783435088126,0.0024190761433014627,0.006681257919594516,0.007718004838152287,0.18880313327957607
35660,0.6881292178338312,0.2668436773979423,0.003540214625511672,0.002655160969133754,0.015488438986613564,0.023343290186967586
35661,0.7987228146273871,0.1498885475028616,0.008012530875353936,0.003072474245436472,0.014458702331465751,0.025844930417495027
35670,0.9422575599582897,0.02059436913451512,0.002606882168925964,0.012513034410844628,0.01316475495307612,0.008863399374348279
35671,0.5472684085510688,0.32399049881235154,0.0033254156769596203,0.004275534441805225,0.0166270783847981,0.10451306413301663
35672,0.6964147136427129,0.17383206580785346,0.0004656216048424647,0.0653422318795592,0.04330280925034922,0.020642557814682598
35673,0.8582763671875,0.034912109375,0.0009765625,0.0411376953125,0.0323486328125,0.0323486328125
35674,0.8483995017061152,0.11644911444510646,0.0033580674863240008,0.0045496398201809035,0.013215620430049292,0.014028056112224453
35677,0.9661458333333334,0.004687500000000001,0.0015625,0.0041666666666666675,0.010937500000000001,0.0125
35739,0.8770667185372496,0.06166115541723399,0.008947675549503988,0.00758607274849251,0.01672826298385528,0.028010114763664655
35740,0.8674144377336785,0.06269772792637332,0.0011504170261719875,0.01639344262295082,0.0365257405809606,0.015818234109864826
35741,0.9082537517053205,0.03512960436562074,0.015347885402455661,0.009549795361527967,0.016030013642564803,0.015688949522510234
35744,0.901556420233463,0.011284046692607004,0.0007782101167315176,0.012451361867704281,0.0357976653696498,0.03813229571984436
35745,0.96875,0.0,0.0,0.010416666666666666,0.013888888888888888,0.006944444444444444
35746,0.9112149532710281,0.029205607476635514,0.0,0.015186915887850467,0.02570093457943925,0.018691588785046728
35747,0.9610103407357179,0.002373283607391083,0.0025428038650618747,0.007628411595185625,0.014748262417358873,0.011696897779284626
35748,0.8672735984666986,0.07442900495128574,0.008305382526752914,0.014534419421817601,0.017888516211467816,0.01756907842197732
35749,0.6799356850516469,0.24517637887351393,0.015396608848177742,0.006772558955369323,0.022071720912102903,0.03064704735918924
35750,0.8858529711109372,0.05229781570500275,0.006028341031864089,0.01464025679166993,0.020120566820637283,0.021060048539888826
35751,0.9433962264150944,0.0037735849056603774,0.0037735849056603774,0.022641509433962263,0.022641509433962263,0.0037735849056603774
35752,0.836754643206256,0.0967741935483871,0.002932551319648094,0.013685239491691105,0.02590420332355816,0.023949169110459433
35754,0.8850531815637244,0.007090875163276729,0.0026124276917335316,0.012315730546743793,0.022392237357715988,0.07053554767680535
35755,0.9488054607508533,0.005119453924914676,0.0017064846416382253,0.0017064846416382253,0.032423208191126277,0.010238907849829351
35756,0.6336293007769145,0.24938956714761373,0.0562708102108768,0.007325194228634849,0.020421753607103216,0.03296337402885682
35757,0.6965232304334268,0.21203617087620824,0.026816339257873398,0.005378858746492047,0.024555659494855,0.03468974119114437
35758,0.7165518231409704,0.14743037611254664,0.06400133984113313,0.0048569241075701024,0.021748492678725237,0.04541104411905445
35759,0.7649539278463221,0.16601593003279713,0.017023270342027177,0.007652662814305795,0.017647977510541937,0.026706231454005937
35760,0.9389930898321817,0.003553800592300099,0.003751233958538993,0.017966436327739387,0.022309970384995065,0.013425468904244817
35761,0.8286304198210599,0.10039573296627669,0.0031830695113558164,0.0160013764624914,0.02150722642807984,0.03028217481073641
35763,0.9005633802816903,0.026478873239436623,0.024295774647887326,0.008028169014084508,0.017816901408450707,0.022816901408450704
35764,0.9418070444104135,0.009188361408882083,0.0,0.019908116385911178,0.02450229709035222,0.004594180704441042
35765,0.9337154248691751,0.00348866184899078,0.00398704211313232,0.01844006977323698,0.02716172439571393,0.01320707699975081
35766,0.9533333333333334,0.0,0.0,0.006666666666666667,0.02,0.02
35768,0.8833995508723441,0.0501813784764208,0.007255139056831923,0.010278113663845224,0.018224218345137332,0.030661599585420623
35769,0.9228994020769957,0.018462183992447288,0.005874331270324137,0.00524493863421798,0.014580929403125985,0.032938214622888914
35771,0.9335894621295281,0.0030186608122941823,0.0019209659714599344,0.02140504939626784,0.02277716794731065,0.01728869374313941
35772,0.8076687742198653,0.09769528859881704,0.0020395676116663265,0.009585967774831734,0.028961860085661838,0.054048541709157655
35773,0.7489810043836038,0.17711297392909334,0.006460047681304316,0.00976697685149581,0.025378758747981237,0.032300238406521575
35774,0.9454545454545454,0.030303030303030304,0.0,0.012121212121212121,0.0,0.012121212121212121
35775,0.7845911949685535,0.1509433962264151,0.0015723270440251573,0.006289308176100629,0.040880503144654086,0.015723270440251572
35776,0.9399116347569956,0.004418262150220913,0.00117820324005891,0.015316642120765831,0.02415316642120766,0.015022091310751105
35801,0.8485877809315527,0.09310874319482573,0.013400958540784514,0.00558373272532688,0.017263040342468935,0.022055744265041175
35802,0.8181775459373091,0.09549320926735277,0.02988862258564782,0.0049814370976079695,0.019220828046430754,0.03223835706565158
35803,0.8672514159848962,0.03319697923222152,0.04137822529893014,0.0066079295154185015,0.021200440528634363,0.030365009439899306
35805,0.4180466524216524,0.3214031339031339,0.015981125356125354,0.006454772079772079,0.024261039886039885,0.21385327635327633
35806,0.5728119377711928,0.329876177373267,0.041538787173245856,0.005026986982749498,0.023653296645147637,0.027092814054397292
35808,0.6350515463917527,0.1943298969072165,0.02061855670103093,0.010309278350515465,0.031958762886597936,0.1077319587628866
35810,0.19017101003825657,0.7436484321355001,0.005689435307196808,0.0034005820226923455,0.0187032011248079,0.03838733937154628
35811,0.6927081324952763,0.24277947017313847,0.010604249411946168,0.009331739482512627,0.018933405313692978,0.025643003123433462
35816,0.2649477076892719,0.6083667697165034,0.02867855028612774,0.003749260014470828,0.023613760442018024,0.07064395185160824
35824,0.5891178895300908,0.25803792250618307,0.06001648804616654,0.003792250618301732,0.033140972794723826,0.05589447650453422
35896,0.0,0.8971518987341773,0.004746835443037976,0.0015822784810126584,0.03164556962025317,0.06487341772151899
35901,0.6118992906384256,0.3282046158457389,0.007593166150464583,0.0035468078729143783,0.012388850034968531,0.03636726945748827
35903,0.6000331876763095,0.3289451850212954,0.005863156148017037,0.0021018861662702583,0.0140494496377012,0.04900713535040655
35904,0.8522775349033986,0.09025525313778028,0.002397405161472289,0.0032435481596389793,0.017910026794528276,0.033916231843181495
35905,0.9548649070748088,0.014836795252225522,0.004841480555989381,0.002655005466187725,0.013118850538809934,0.009682961111978762
35906,0.864459965583561,0.06944022674359751,0.025306205081485976,0.004251442453689644,0.011539629517157604,0.025002530620508143
35907,0.9591372079089275,0.013301378070701019,0.006590772917914919,0.0017974835230677051,0.006231276213301378,0.012941881366087477
35950,0.6925851125216388,0.01553183304481631,0.004856703212156184,0.005193306405077899,0.013127524523946912,0.2687055202923639
35951,0.7375658950263579,0.009091603636641453,0.004431201772480709,0.005348002139200854,0.011154404461761785,0.23240889296355716
35952,0.9313915857605177,0.004919093851132686,0.0018122977346278315,0.006213592233009708,0.011909385113268606,0.04375404530744336
35953,0.8766056299535392,0.07570374419240229,0.005875922383164799,0.005056026236676688,0.014211533205793932,0.022547144028423068
35954,0.8537450616786263,0.08175441425461583,0.0031444005482544547,0.0061275497863420144,0.014028863984519876,0.041199709747641707
35956,0.9457074991516795,0.004637484447460694,0.002149078158579346,0.003958828186856689,0.00848320325755005,0.03506390679787354
35957,0.8200764818355641,0.010516252390057362,0.006564690885914595,0.004971319311663481,0.012109623964308477,0.14576163161249203
35958,0.949427214305672,0.0030734842134674486,0.0013970382788488405,0.015088013411567477,0.01816149762503493,0.01285275216540933
35959,0.9091473509933773,0.057740066225165546,0.002690397350993377,0.004759933774834436,0.016349337748344368,0.009312913907284765
35960,0.9042658730158732,0.06805555555555556,0.0017857142857142859,0.004067460317460318,0.011210317460317462,0.010615079365079366
35961,0.7060089134777932,0.04149377593360996,0.0018441678192715534,0.011987090825265098,0.01705855232826187,0.22160749961579834
35962,0.7342168674698795,0.0027710843373493976,0.002168674698795181,0.012289156626506025,0.019397590361445782,0.22915662650602409
35963,0.8647058823529411,0.0005882352941176469,0.0011764705882352938,0.036470588235294116,0.024705882352941175,0.07235294117647058
35966,0.9424846625766872,0.0005112474437627812,0.001278118609406953,0.01278118609406953,0.030930470347648262,0.012014314928425357
35967,0.7557013057344003,0.03483964137433058,0.006137553402731813,0.005776520849629941,0.01726939045670618,0.18027558818220107
35968,0.8930913860953215,0.01005684302579799,0.003716659379099257,0.007870572802798428,0.01355487538259729,0.07170966331438566
35971,0.9264466177669112,0.006519967400162999,0.0018337408312958435,0.016707416462917686,0.025876120619396904,0.022616136919315404
35972,0.9631255487269534,0.0026338893766461808,0.000877963125548727,0.004389815627743635,0.012291483757682178,0.016681299385425813
35973,0.9749128919860627,0.003832752613240418,0.0006968641114982578,0.003484320557491289,0.011846689895470384,0.005226480836236934
35974,0.9049716803020768,0.0012586532410320957,0.0,0.03524229074889868,0.019509125235997484,0.03901825047199497
35975,0.9120982986767486,0.0,0.001890359168241966,0.05198487712665406,0.021739130434782608,0.012287334593572778
35976,0.8889913899138991,0.043849938499385,0.00959409594095941,0.006642066420664207,0.013407134071340714,0.037515375153751536
35978,0.9402597402597402,0.00037105751391465676,0.0012987012987012987,0.01818181818181818,0.020222634508348793,0.019666048237476808
35979,0.952074391988555,0.002145922746781116,0.000715307582260372,0.015736766809728183,0.02074391988555079,0.008583690987124463
35980,0.8103649068322982,0.006405279503105591,0.0009704968944099379,0.007958074534161492,0.009704968944099378,0.16459627329192547
35981,0.9542269967304998,0.0018682858477347033,0.00046707146193367583,0.017748715553479684,0.018682858477347034,0.007006071929005138
35983,0.9354579539367971,0.031869309051955015,0.001606855918585967,0.005891805034815212,0.01339046598821639,0.011783610069630425
35984,0.9640021175224986,0.0037056643726839597,0.0010587612493382743,0.006352567496029645,0.017469560614081524,0.007411328745367919
35986,0.9170221015897634,0.0027142303218301665,0.0015509887553315236,0.011115419413209255,0.012795657231485071,0.0548016026883805
35987,0.9249812453113279,0.006376594148537134,0.0015003750937734434,0.0015003750937734434,0.016129032258064516,0.04951237809452363
35988,0.8561855670103092,0.005154639175257732,0.002061855670103093,0.009278350515463918,0.023711340206185566,0.10360824742268042
35989,0.8233482642777155,0.004759238521836506,0.001119820828667413,0.005879059350503918,0.020436730123180286,0.14445688689809627
35990,0.9473684210526315,0.0,0.0,0.0,0.0,0.05263157894736842
36003,0.370501773948302,0.6071971616827166,0.0,0.001520527116066903,0.007095793208312214,0.013684744044602128
36005,0.7187910643889619,0.26018396846254926,0.0045992115637319315,0.003942181340341655,0.00985545335085414,0.002628120893561104
36006,0.8644325971058644,0.09444021325209444,0.002284843869002285,0.003808073115003808,0.007616146230007616,0.027418126428027417
36009,0.7751363990646921,0.17926734216679657,0.004286827747466875,0.006625097427903352,0.013250194855806703,0.021434138737334373
36010,0.5437246097926021,0.401967072909985,0.003207184092366902,0.011545862732520847,0.010476801368398547,0.029078469104126578
36013,0.6779359430604982,0.2669039145907473,0.014234875444839857,0.0,0.017793594306049824,0.023131672597864767
36016,0.421604818340781,0.5568292209053818,0.0017485914124732854,0.0013600155430347775,0.002720031086069555,0.01573732271225957
36017,0.3933634992458522,0.4277526395173454,0.00392156862745098,0.0018099547511312218,0.01085972850678733,0.1622926093514329
36020,0.5770258236865539,0.38201246660730187,0.0008904719501335708,0.004452359750667854,0.005342831700801425,0.030276046304541407
36022,0.8499159406999847,0.10132966529115084,0.004661470273574813,0.0026746140913953844,0.014366498548066637,0.0270518110958276
36024,0.8697254468398747,0.10226644555002765,0.0036852773171181137,0.0044223327805417365,0.012161415146489775,0.007739082365948039
36025,0.5407717827833071,0.4173214597520517,0.0020953378732320588,0.001571503404924044,0.009079797450672255,0.029160118735812816
36026,0.8861340679522498,0.10560146923783287,0.0,0.0009182736455463728,0.004591368227731864,0.0027548209366391185
36027,0.5003691399040237,0.4414298018949182,0.006582994955087979,0.0022148394241417496,0.007998031253845208,0.041405192567983265
36028,0.8550973654066437,0.11683848797250859,0.001145475372279496,0.004581901489117984,0.019473081328751432,0.0028636884306987398
36029,0.46887966804979253,0.5048409405255878,0.0,0.0,0.009681881051175657,0.016597510373443983
36030,0.39387755102040817,0.5959183673469388,0.006122448979591837,0.0,0.004081632653061224,0.0
36031,0.10256410256410256,0.8974358974358975,0.0,0.0,0.0,0.0
36032,0.2890123984608807,0.6955964087216759,0.0017101325352714834,0.0008550662676357417,0.006840530141085934,0.005985463873450192
36033,0.5789718539195162,0.40521051407304026,0.0018608978832286578,0.00209351011863224,0.007210979297511049,0.0046522447080716445
36034,0.7633209417596035,0.1771995043370508,0.0,0.02973977695167286,0.01982651796778191,0.009913258983890954
36035,0.7537898588604286,0.21014113957135389,0.0031364349189754314,0.006272869837950863,0.013068478829064296,0.013591217982226868
36036,0.5157264103844234,0.4613080379430854,0.000998502246630055,0.0004992511233150275,0.01597603594608088,0.0054917623564653024
36037,0.5041927231381467,0.4650369528140989,0.011796475270039795,0.0031267765776009098,0.004974417282546902,0.010872654917566798
36038,0.6491228070175439,0.3508771929824561,0.0,0.0,0.0,0.0
36039,0.11857707509881422,0.8735177865612648,0.0,0.0,0.003952569169960474,0.003952569169960474
36040,0.09459119496855346,0.8963522012578615,0.0010062893081761006,0.0,0.002012578616352201,0.0060377358490566035
36041,0.8141122913505311,0.15250379362670713,0.0007587253414264037,0.0037936267071320183,0.012139605462822459,0.01669195751138088
36042,0.8972648432288193,0.08405603735823883,0.0,0.00533689126084056,0.01000667111407605,0.0033355570380253496
36043,0.5510649918077554,0.3866739486619334,0.0054614964500273085,0.009284543965046424,0.005188421627525942,0.042326597487711635
36046,0.697986577181208,0.28523489932885904,0.0020134228187919465,0.0,0.010067114093959731,0.004697986577181208
36047,0.2843839541547278,0.7041547277936963,0.0014326647564469914,0.0007163323782234957,0.0028653295128939827,0.0064469914040114614
36048,0.40849897189856066,0.5346127484578478,0.0,0.0027416038382453737,0.01028101439342015,0.04386566141192598
36049,0.7134092900964066,0.2238387379491674,0.028921998247151623,0.004206836108676599,0.014198071866783523,0.015425065731814196
36051,0.7797567332754126,0.1724587315377932,0.0013032145960034751,0.003909643788010425,0.014335360556038228,0.02823631624674196
36052,0.7212449255751014,0.2665764546684709,0.005412719891745603,0.0013531799729364006,0.0040595399188092015,0.0013531799729364006
36053,0.16539440203562342,0.8162849872773538,0.0005089058524173028,0.003053435114503817,0.008142493638676845,0.006615776081424937
36054,0.7058940793408199,0.2251312379560103,0.007243006179812611,0.004186324672735729,0.01628015150508339,0.0412652003455379
36064,0.6758477713608766,0.2770620464978528,0.02147193839774915,0.001776988005330964,0.008144528357766918,0.015696727380423516
36066,0.8067359143846395,0.12081628370580211,0.022243206379183714,0.0035148462910502562,0.01584303850592802,0.030846710733396284
36067,0.7508074995359199,0.20315574531279004,0.0037126415444588825,0.004640801930573603,0.0132912567291628,0.024392054947094857
36069,0.5555555555555556,0.4015503875968992,0.002583979328165375,0.008268733850129198,0.021705426356589147,0.0103359173126615
36071,0.6174934725848564,0.34464751958224543,0.006527415143603133,0.0026109660574412533,0.013054830287206266,0.015665796344647518
36075,0.24561403508771928,0.7408906882591092,0.0031488978857399904,0.0,0.006297795771479981,0.004048582995951416
36078,0.7315201701739726,0.2279875408341564,0.0055458482108941744,0.002431056749981008,0.010559902757730001,0.021955481273265975
36079,0.6933133304757824,0.2558936990998714,0.011787398199742822,0.004500642948992713,0.016288041148735537,0.01821688812687527
36080,0.9026860413914575,0.07881990312637605,0.0030823425803610744,0.0,0.007485689123734038,0.007926023778071334
36081,0.49479064281501867,0.4298538758927986,0.030535351549701856,0.005897385492431689,0.01225345652316362,0.026669287726885527
36082,0.5210084033613446,0.4105642256902762,0.033613445378151266,0.004201680672268908,0.019807923169267706,0.010804321728691477
36083,0.07812990272983995,0.8987553603179583,0.0018826482585503606,0.001778056688630896,0.008994875013073946,0.010459156991946448
36088,0.013221406086044067,0.9479538300104929,0.00923399790136411,0.0004197271773347323,0.013850996852046167,0.015320041972717729
36089,0.18693616535343155,0.71896768299646,0.002626470252369533,0.0011419435879867533,0.0038826081991549617,0.08644512961059723
36091,0.8117969821673525,0.10342935528120713,0.0013717421124828531,0.00411522633744856,0.007681755829903978,0.07160493827160494
36092,0.7307901100528055,0.22207965256872128,0.006761091644869959,0.0038000296106203424,0.012732566747273353,0.023836549375709417
36093,0.8498622589531681,0.10341173977537614,0.01144310235219326,0.004344140707777071,0.012078830260648443,0.018859927950837043
36104,0.15842316634960898,0.8151553582752061,0.003276262946522934,0.0014796026210103575,0.006552525893045868,0.015113083914605792
36105,0.11864406779661017,0.8608341641741442,0.0017447657028913262,0.0024925224327018943,0.005815885676304421,0.010468594217347957
36106,0.5558846761453397,0.3914560294892048,0.01875987361769352,0.0019088994207477619,0.01066350710900474,0.02132701421800948
36107,0.3878041140231805,0.41693641014931604,0.006369426751592355,0.003654589119766106,0.013991855487104521,0.17124360446904038
36108,0.1249589105423808,0.8323080535336932,0.0012679032636769192,0.0015496595444940123,0.008875322845738434,0.031040150270016425
36109,0.7628878474466709,0.17812702003878475,0.012039431157078216,0.0029088558500323207,0.012160633484162894,0.031876212023270845
36110,0.2528487834924546,0.6890976285802279,0.012319063751154914,0.003156760086233447,0.012550046196489067,0.030027717893440102
36111,0.39996712148610886,0.5697846457340128,0.005671543646227191,0.0014795331251027453,0.005260562222587539,0.017836593785960874
36112,0.5678119349005425,0.3670886075949367,0.0054249547920434,0.0,0.0,0.059674502712477394
36113,0.5128879537085744,0.389268805891636,0.019463440294581802,0.0005260389268805893,0.027354024197790643,0.050499736980536565
36115,0.5601926163723917,0.24719101123595505,0.019261637239165328,0.004815409309791332,0.06741573033707865,0.10112359550561797
36116,0.16519989942167462,0.7444624774270235,0.025121722632409076,0.0017372619836788807,0.009166342834937252,0.05431229570027658
36117,0.4993230867245361,0.4107071752807199,0.05160468264712909,0.0023293780361551327,0.01288126144779804,0.023154415863661702
36201,0.5061562903385961,0.45506901002879563,0.002333432628338795,0.0037732102075265623,0.012560818190845004,0.02010723860589813
36203,0.7611693913413919,0.13520421747696895,0.011235955056179775,0.003088556366153682,0.011235955056179775,0.07806592470312583
36205,0.6503937007874016,0.2614173228346457,0.015748031496062992,0.004724409448818898,0.03307086614173228,0.03464566929133858
36206,0.6952063798089562,0.23337130838664444,0.010165629655595476,0.004732275874156515,0.020944702480063093,0.03557970379458417
36207,0.718394581206086,0.21488146388313198,0.01273820957387656,0.002931810140019208,0.011727240560076832,0.03932669463680938
36250,0.9025451381335653,0.07004568196649989,0.007178594735697194,0.003045464433326082,0.009136393299978247,0.008048727430933217
36251,0.8188945511564093,0.1213249705997648,0.003528028224225794,0.004116032928263426,0.014112112896903176,0.038024304194433554
36255,0.9679752066115702,0.0010330578512396695,0.0,0.006198347107438017,0.006198347107438017,0.018595041322314047
36256,0.8547770700636943,0.12993630573248408,0.0012738853503184713,0.001910828025477707,0.005095541401273885,0.0070063694267515925
36258,0.9248591108328116,0.02817783343769568,0.0006261740763932374,0.010644959298685034,0.016906700062617408,0.01878522229179712
36260,0.8096698113207549,0.14292452830188682,0.0035377358490566043,0.005424528301886794,0.01627358490566038,0.022169811320754722
36262,0.9737569060773481,0.0006906077348066298,0.0006906077348066298,0.004834254143646409,0.012430939226519336,0.007596685082872928
36263,0.8586626139817629,0.11550151975683891,0.001519756838905775,0.0,0.004559270516717325,0.019756838905775075
36264,0.894177449168207,0.059958410351201474,0.001963955637707948,0.0033502772643253234,0.009704251386321625,0.030845656192236594
36265,0.7684595647629002,0.17898888149767175,0.011118502328233392,0.004703981754252589,0.015442364344768601,0.021286705312173332
36266,0.7498207885304659,0.19086021505376344,0.0007168458781362006,0.0030465949820788524,0.02096774193548387,0.034587813620071683
36267,0.6,0.4,0.0,0.0,0.0,0.0
36268,0.7689191677407475,0.20143619959491807,0.0014730252255569876,0.002761922297919352,0.013441355183207512,0.011968329957650523
36269,0.9741935483870968,0.005017921146953405,0.0014336917562724014,0.002150537634408602,0.011469534050179211,0.005734767025089606
36271,0.9231792484203526,0.041403392085134695,0.0029930162953109418,0.0059860325906218835,0.013967409378117728,0.012470901230462256
36272,0.9149794546133732,0.0519985057900635,0.001793051923795293,0.004407919312663429,0.01501680986178558,0.011804258498319014
36273,0.9807758324751117,0.001716443529007896,0.0010298661174047376,0.0027463096464126337,0.00411946446961895,0.009612083762444218
36274,0.6928022861225218,0.2808537238792641,0.003482764779424897,0.0031255581353813178,0.008126451151991426,0.011609215931416323
36276,0.7179783950617284,0.22839506172839505,0.00038580246913580245,0.0023148148148148147,0.012345679012345678,0.038580246913580245
36277,0.8179468242245198,0.12038404726735596,0.010155096011816838,0.005908419497784341,0.019940915805022153,0.025664697193500733
36278,0.7407746963098786,0.1861104744441898,0.0025212010084804033,0.00412560165024066,0.008709603483841394,0.05775842310336925
36279,0.9372400756143667,0.029111531190926274,0.0030245746691871457,0.002268431001890359,0.020415879017013232,0.007939508506616257
36280,0.8987019597862052,0.05675744464240264,0.0017816238228556883,0.003054212267752609,0.012980402137948587,0.026724357342835327
36301,0.6677116864940518,0.2728341497550735,0.006046186144156753,0.0036948915325402377,0.014695591322603218,0.03501749475157453
36303,0.5404294803817603,0.40280355249204663,0.010306203605514317,0.002982502651113468,0.014249734888653236,0.029228525980911982
36305,0.8483989210872122,0.08617470087834567,0.01812020195034235,0.00214399336053669,0.013624732000829934,0.03153745072273325
36310,0.6280406899601946,0.3334807607253428,0.0035382574082264487,0.003243402624207578,0.008845643520566122,0.02285124576146248
36311,0.8161127167630059,0.12355491329479769,0.0032514450867052024,0.006502890173410405,0.014450867052023123,0.036127167630057806
36312,0.854695328915468,0.12073702925488929,0.0022628091158881525,0.004363989009212865,0.008566348795862292,0.00937449490867949
36313,0.5859649122807018,0.2807017543859649,0.017543859649122806,0.03859649122807018,0.028070175438596492,0.04912280701754386
36314,0.946218487394958,0.02689075630252101,0.0033613445378151263,0.0033613445378151263,0.0067226890756302525,0.013445378151260505
36316,0.8879210220673636,0.07955865272938444,0.005226480836236934,0.004645760743321719,0.011614401858304297,0.011033681765389082
36317,0.5067796610169492,0.4728813559322034,0.0,0.001694915254237288,0.005084745762711864,0.013559322033898305
36318,0.9359567901234568,0.032407407407407406,0.0007716049382716049,0.006172839506172839,0.016975308641975308,0.007716049382716049
36319,0.8361159929701231,0.13620386643233742,0.0017574692442882249,0.003954305799648506,0.009666080843585237,0.012302284710017574
36320,0.8383733055265902,0.12721584984358708,0.0013034410844629824,0.008342022940563087,0.013555787278415016,0.011209593326381648
36321,0.845303867403315,0.11295273173726213,0.0012277470841006754,0.0055248618784530384,0.025168815224063844,0.009821976672805403
36322,0.6568021201413428,0.1818683745583039,0.020318021201413426,0.008944346289752651,0.03312720848056537,0.09893992932862192
36323,0.724196482716798,0.2272892662219527,0.002183141297756216,0.016009702850212252,0.01722255912674348,0.013098847786537296
36330,0.6806099726583419,0.17566310567409868,0.01987202976576373,0.005862953462806889,0.023198128364856102,0.09479381007413253
36340,0.8374087591240876,0.12244525547445255,0.0040145985401459855,0.003102189781021898,0.013868613138686134,0.01916058394160584
36343,0.6086130462317922,0.357188093730209,0.0006333122229259025,0.008866371120962635,0.008233058898036731,0.016466117796073463
36344,0.8536032106089686,0.09614377944512299,0.0013959169429418946,0.005234688536032105,0.015704065608096316,0.027918338858837898
36345,0.7374008697876694,0.22780762343310307,0.0021744691737017137,0.003069838833461243,0.009593246354566385,0.01995395241749808
36346,0.9333791208791209,0.008928571428571428,0.0,0.02403846153846154,0.0260989010989011,0.007554945054945055
36350,0.767687595712098,0.16600306278713628,0.009341500765696783,0.005206738131699846,0.02419601837672282,0.027565084226646247
36351,0.8166772756206238,0.0967536600891152,0.0076384468491406746,0.037555697008274984,0.020369191597708468,0.021005728835136853
36352,0.8723622208563818,0.05552140954722392,0.005326777299733661,0.011473058799426346,0.021716861298914154,0.03359967219832001
36353,0.737646459500764,0.2083545593479368,0.004075394803871624,0.002037697401935812,0.011716760061130921,0.03616912888436067
36360,0.6843228752978554,0.2544181890389198,0.008042096902303415,0.006850675138999206,0.018764892772041304,0.027601270849880857
36362,0.6968911917098445,0.11291018998272884,0.015112262521588945,0.0069084628670120895,0.03562176165803108,0.13255613126079446
36370,0.8631687242798354,0.10390946502057613,0.0,0.00411522633744856,0.013374485596707819,0.015432098765432098
36371,0.8361111111111111,0.11527777777777778,0.004166666666666667,0.011111111111111112,0.013888888888888888,0.019444444444444445
36373,0.5524956970740104,0.41480206540447506,0.0017211703958691911,0.0,0.008605851979345954,0.022375215146299483
36374,0.8927835051546392,0.08556701030927835,0.0010309278350515464,0.005154639175257732,0.007216494845360825,0.008247422680412371
36375,0.8369197455677357,0.09635945324130464,0.000947354175125186,0.005142779807822438,0.013398294762484775,0.04723237244552713
36376,0.7334152334152334,0.2010647010647011,0.0020475020475020475,0.004095004095004095,0.011466011466011467,0.04791154791154791
36401,0.43039345445794724,0.5443388280591986,0.0013235471062447359,0.0031283840693057388,0.00577547828179521,0.015040308025508362
36420,0.7867991749484342,0.1677292330770673,0.007125445340333771,0.005062816426026627,0.01443840240015001,0.018844927807988
36421,0.8681532799307209,0.10067114093959731,0.004005195929854947,0.0049794327776575015,0.01255683048278848,0.009634119939380818
36425,0.17559523809523808,0.8125,0.001984126984126984,0.00496031746031746,0.001984126984126984,0.002976190476190476
36426,0.7085237801111798,0.25052501544163064,0.0033971587399629403,0.008276714021000619,0.01179740580605312,0.01747992588017295
36432,0.6589499793303016,0.319553534518396,0.000413393964448119,0.002893757751136833,0.009508061182306737,0.008681273253410499
36435,0.15198618307426598,0.8411053540587219,0.0,0.0,0.0034542314335060447,0.0034542314335060447
36436,0.5875706214689266,0.4086629001883239,0.0,0.0,0.0,0.003766478342749529
36439,0.9176672384219554,0.04288164665523156,0.0,0.017152658662092625,0.017152658662092625,0.005145797598627788
36441,0.8215384615384617,0.1255944055944056,0.0022377622377622378,0.018461538461538463,0.012867132867132869,0.019300699300699303
36442,0.8554149085794656,0.10154711673699016,0.0028129395218002813,0.0033755274261603376,0.019409282700421943,0.017440225035161745
36444,0.6609686609686609,0.3247863247863248,0.0,0.007122507122507123,0.007122507122507123,0.0
36445,0.6938775510204079,0.26055082227065574,0.002179512581731721,0.013869625520110954,0.018228650683574397,0.011293837923518919
36446,0.7122448979591837,0.24489795918367346,0.004081632653061225,0.0,0.0163265306122449,0.022448979591836733
36451,0.6494472361809046,0.3288442211055277,0.0010050251256281408,0.004623115577889448,0.005025125628140704,0.011055276381909548
36453,0.9176524112829846,0.011828935395814377,0.0018198362147406734,0.03548680618744313,0.017288444040036398,0.01592356687898089
36454,1.0,0.0,0.0,0.0,0.0,0.0
36455,0.7397849462365591,0.23655913978494625,0.0,0.002150537634408602,0.008602150537634409,0.012903225806451613
36456,0.7587912087912088,0.2087912087912088,0.0016483516483516484,0.0016483516483516484,0.019230769230769232,0.00989010989010989
36460,0.5075934035218485,0.4596105469113947,0.004844870958725426,0.005217553340165843,0.012205347992173668,0.01052827727569179
36467,0.8495425616547334,0.11893396976929195,0.0021877486077963404,0.007657120127287191,0.012231503579952265,0.009447096260938741
36470,0.3877551020408163,0.47959183673469385,0.01020408163265306,0.02040816326530612,0.10204081632653061,0.0
36471,0.3031026252983294,0.6825775656324582,0.0,0.003977724741447892,0.007159904534606206,0.0031821797931583136
36473,0.9716981132075472,0.02830188679245283,0.0,0.0,0.0,0.0
36474,0.874871794871795,0.10153846153846156,0.0020512820512820517,0.0034188034188034197,0.009230769230769233,0.00888888888888889
36475,0.5983680870353582,0.36944696282864914,0.0009066183136899365,0.003626473254759746,0.01813236627379873,0.009519492293744334
36476,0.47058823529411764,0.5294117647058824,0.0,0.0,0.0,0.0
36477,0.8233866073234876,0.09467934452761478,0.004450738417964798,0.014161440420797084,0.014970665587699775,0.04835120372243576
36480,0.7958262831359278,0.1161872532430908,0.001692047377326565,0.05527354765933446,0.023124647490129723,0.007896221094190638
36481,0.1315345699831366,0.8549747048903878,0.0,0.0016863406408094434,0.0,0.011804384485666104
36482,0.27706422018348625,0.7,0.0027522935779816515,0.0,0.012844036697247707,0.007339449541284404
36483,0.9309701492537313,0.03917910447761194,0.0,0.007462686567164179,0.011194029850746268,0.011194029850746268
36502,0.4867015478526269,0.4161761499890996,0.0020710704163941574,0.059134510573359486,0.01635055591890124,0.019566165249618482
36505,0.7542201215395004,0.1836596893990547,0.00337609723160027,0.03241053342336259,0.018906144496961513,0.007427413909520594
36507,0.7274442988204456,0.22490170380078636,0.005714285714285714,0.011009174311926604,0.014521625163826999,0.0164089121887287
36509,0.5602622289460414,0.13313161875945537,0.2526475037821483,0.0010085728693898135,0.02723146747352496,0.025718608169440244
36511,0.7798165137614679,0.015727391874180863,0.003931847968545216,0.005242463958060288,0.006553079947575361,0.18872870249017037
36512,0.5869565217391305,0.34782608695652173,0.0,0.021739130434782608,0.021739130434782608,0.021739130434782608
36513,0.33815551537070526,0.5370705244122965,0.0,0.07956600361663653,0.027124773960216998,0.018083182640144666
36518,0.8240675580577058,0.16185784658691063,0.0003518648838845883,0.0024630541871921183,0.004574243490499648,0.006685432793807178
36521,0.8736880869084883,0.06923218560117841,0.0014730252255569876,0.030749401583502117,0.015835021174737618,0.00902227950653655
36522,0.7195597659515185,0.16634159933129003,0.00278629144608526,0.0711897464474784,0.018389523544162716,0.021733073279465026
36523,0.9037776193870276,0.02316464718460442,0.031717747683535275,0.0017818959372772627,0.01104775481111903,0.028510334996436203
36524,0.6112012987012987,0.3685064935064935,0.0016233766233766235,0.004058441558441558,0.012987012987012988,0.0016233766233766235
36525,0.8407445708376422,0.09565667011375388,0.0015511892450879008,0.016028955532574975,0.015511892450879007,0.030506721820062047
36526,0.8168761220825853,0.12682226211849193,0.014398563734290845,0.003806104129263914,0.01066427289048474,0.02743267504488331
36527,0.8930963207937165,0.05150888797023564,0.01661843737081439,0.004960727573377429,0.010830921868540719,0.022984704423315423
36528,0.9676375404530743,0.0040453074433656954,0.0016181229773462782,0.009708737864077669,0.009708737864077669,0.007281553398058253
36529,0.7615062761506276,0.20920502092050208,0.0,0.0041841004184100415,0.014644351464435146,0.010460251046025104
36530,0.927656477438137,0.008879184861717614,0.005822416302765648,0.006113537117903931,0.016157205240174673,0.035371179039301315
36532,0.8805449708821625,0.07520310590265294,0.005428140053202962,0.0020849809475878924,0.007800704579768495,0.02893809763462506
36535,0.758966679146387,0.1069636840134781,0.008124298015724446,0.006177461624859603,0.013852489704230626,0.10591538749532009
36538,0.4385026737967914,0.5481283422459893,0.0,0.0,0.00267379679144385,0.0106951871657754
36539,0.8915211970074813,0.09476309226932668,0.0012468827930174563,0.0,0.0012468827930174563,0.011221945137157107
36540,0.29088277858176553,0.6816208393632417,0.0,0.008683068017366137,0.002894356005788712,0.015918958031837915
36541,0.8236837054571045,0.11585950994817988,0.015929882924956815,0.0069733222442582045,0.015034226856886955,0.022519352568613652
36542,0.9068151306957277,0.017452420437495064,0.008607754876411593,0.005843796888573008,0.018242122719734657,0.04303877438205796
36543,0.803030303030303,0.0,0.0,0.07575757575757576,0.09090909090909091,0.030303030303030304
36544,0.7601893453145059,0.093308729139923,0.08937740693196408,0.00561617458279846,0.013719512195121955,0.037788831835686786
36545,0.49481943466452066,0.4819434664520672,0.0019112765315360627,0.0050296750829896385,0.005633236092948395,0.010662911175938034
36548,0.6740282685512368,0.3091872791519435,0.00088339222614841,0.00353356890459364,0.00971731448763251,0.00265017667844523
36549,0.9322550398499765,0.02648851383028598,0.0037505860290670415,0.005860290670417252,0.011954992967651195,0.019690576652601967
36550,0.7695852534562212,0.16129032258064516,0.0,0.04608294930875576,0.02304147465437788,0.0
36551,0.8002180760843228,0.1451417494548098,0.004119214926096438,0.005936515628786043,0.010298037315241095,0.03428640659074388
36553,0.2563671984326896,0.3599216344808284,0.003078645396025749,0.3459277917716205,0.01987125664707529,0.014833473271760425
36555,0.9492307692307693,0.0015384615384615387,0.006153846153846155,0.004615384615384616,0.006153846153846155,0.032307692307692315
36556,0.5032467532467533,0.41883116883116883,0.003246753246753247,0.048701298701298704,0.025974025974025976,0.0
36558,0.7797093928386092,0.200570835495589,0.0012973533990659055,0.0033731188375713543,0.008303061754021795,0.006746237675142709
36559,0.9914163090128756,0.0,0.0,0.0,0.0,0.008583690987124463
36560,0.23329712112982073,0.45437262357414443,0.000814774579033134,0.2846279196089082,0.01656708310700706,0.010320478001086365
36561,0.9452007582285025,0.0024125452352231607,0.007582285024987076,0.00672066172669309,0.015336894709632948,0.02274685507496123
36562,0.8659147869674185,0.08082706766917293,0.0006265664160401002,0.02631578947368421,0.011904761904761904,0.014411027568922305
36564,0.9906542056074766,0.0,0.0,0.0,0.0,0.009345794392523364
36567,0.8766213223663397,0.036301803226826954,0.003954444795950649,0.008937045238848466,0.0146314457450174,0.059553938627016766
36568,0.5802469135802469,0.09876543209876543,0.30246913580246915,0.012345679012345678,0.006172839506172839,0.0
36569,0.7370689655172413,0.24568965517241378,0.0021551724137931034,0.005387931034482759,0.0021551724137931034,0.007543103448275862
36571,0.835079442170263,0.11413307430791646,0.005828071879553181,0.008325816970790259,0.0129050163047249,0.023728578366752236
36572,0.8734816217068938,0.08676447389178103,0.006310143555765893,0.01246253352263764,0.010253983278119577,0.01072724404480202
36574,0.9231916480238628,0.008948545861297539,0.00820283370618941,0.023862788963460103,0.023862788963460103,0.011931394481730051
36575,0.8802052065709763,0.07051247066528407,0.005512197784205643,0.007149484254761774,0.010915243137040877,0.025705397587731264
36576,0.875,0.04303675048355899,0.002176015473887814,0.004593810444874275,0.010638297872340425,0.06455512572533849
36578,0.9433962264150944,0.011435105774728416,0.002287021154945683,0.00686106346483705,0.018296169239565466,0.017724413950829045
36579,0.5150943396226415,0.4559748427672956,0.0006289308176100629,0.012578616352201259,0.011949685534591196,0.0037735849056603774
36580,0.8181482165958234,0.07189059323600075,0.0024025133986324155,0.009240436148586214,0.015339124006653116,0.08297911661430421
36581,0.27232142857142855,0.6830357142857143,0.0,0.03125,0.0,0.013392857142857142
36582,0.7548573286724658,0.18295260547922934,0.015120721892529063,0.0071945370295097965,0.014754897975774327,0.02511990895049183
36583,0.9561815336463224,0.014084507042253521,0.003129890453834116,0.010954616588419406,0.006259780907668232,0.009389671361502348
36584,0.694300518134715,0.2772020725388601,0.0025906735751295338,0.018134715025906734,0.006476683937823834,0.0012953367875647669
36585,0.7757201646090535,0.2037037037037037,0.00102880658436214,0.006172839506172839,0.009259259259259259,0.00411522633744856
36587,0.912116182572614,0.03568464730290456,0.0019087136929460578,0.007717842323651451,0.01029045643153527,0.032282157676348545
36590,0.7,0.0,0.15,0.05,0.1,0.0
36602,0.5411542100283823,0.40586565752128667,0.008514664143803218,0.005676442762535478,0.015137180700094607,0.023651844843897825
36603,0.0990149027532205,0.883177570093458,0.001641828744632483,0.0015155342258145997,0.005178075271533215,0.009472088911341247
36604,0.4946844172014176,0.46853749640839004,0.007470548798007856,0.0030648405325160426,0.010822718130447277,0.01541997892922134
36605,0.26712533652408016,0.6948515970352644,0.006315019775982983,0.003356931565127796,0.012762987336723503,0.015588127762821152
36606,0.43406006198567926,0.5023511809340602,0.013786470022443093,0.0030458480282141713,0.014320829325638563,0.032435609703964946
36607,0.37416058394160584,0.6004379562043796,0.004379562043795621,0.0033576642335766426,0.007007299270072993,0.010656934306569344
36608,0.6596842991822207,0.2676121389952998,0.025592957861276383,0.003939468035971418,0.013475697557529814,0.029695438367701787
36609,0.5159739454094292,0.38120347394540943,0.04284274193548387,0.003489454094292804,0.016245347394540942,0.040245037220843674
36610,0.013629136064208376,0.9721359884909518,0.0004543045354736125,0.001968652987052321,0.006511698341788446,0.005300219580525479
36611,0.619695231853187,0.333606423070621,0.005571030640668524,0.0075372767491397675,0.01032279206947403,0.023267245616909717
36612,0.05805739514348785,0.9293598233995584,0.0,0.001986754966887417,0.00662251655629139,0.003973509933774834
36613,0.5082070211262074,0.4584151417576376,0.001413649571978324,0.00706824785989162,0.010916516139165946,0.01397942354511898
36615,0.058823529411764705,0.9002557544757033,0.0,0.0076726342710997444,0.023017902813299233,0.010230179028132993
36616,0.0,1.0,0.0,0.0,0.0,0.0
36617,0.007231330994487005,0.9766592682752202,0.0003579866828953963,0.0010023627121071095,0.007231330994487005,0.0075177203408033225
36618,0.3999282210790765,0.5620289508314392,0.006340471348247399,0.0029309726043785147,0.011006101208278503,0.017765282928579977
36619,0.8760440794553239,0.04843124868393346,0.021829157015512038,0.0062469291780725775,0.014880325682599845,0.03256825998455815
36688,0.6342943854324734,0.2276176024279211,0.06069802731411229,0.006069802731411229,0.03186646433990895,0.03945371775417299
36693,0.7167685148847901,0.23182149464596066,0.016987161518192524,0.002466782530694624,0.009923193362112465,0.02203285305824971
36695,0.7577727968753468,0.1561882781118928,0.03439781629346886,0.002840593861654202,0.01475777279687535,0.03404274206076208
36701,0.33565597427228494,0.6445534757153459,0.005030098128143811,0.002143976251339985,0.006844231879277645,0.005772243753607652
36703,0.2064946488784636,0.7750329863656357,0.0020524849728778775,0.0010262424864389387,0.00674387919659874,0.008649758099985342
36720,0.03188775510204082,0.9566326530612245,0.0,0.0,0.0012755102040816326,0.01020408163265306
36722,0.2966101694915254,0.684322033898305,0.0,0.0,0.01059322033898305,0.00847457627118644
36723,0.06956521739130435,0.9217391304347826,0.0,0.0,0.0,0.008695652173913044
36726,0.3203822979430709,0.6683980885102847,0.0,0.0006233118637024726,0.005194265530853937,0.005402036152088095
36727,0.5081967213114754,0.45901639344262296,0.0,0.03278688524590164,0.0,0.0
36728,0.1843817787418655,0.7917570498915402,0.0021691973969631237,0.0,0.01735357917570499,0.004338394793926247
36732,0.44376935906599957,0.5219204193471528,0.00524183940910174,0.0005956635692161067,0.006552299261377175,0.02192041934715273
36736,0.23943661971830985,0.7423363711681856,0.0008285004142502071,0.0008285004142502071,0.012427506213753107,0.004142502071251036
36738,0.24474789915966386,0.7384453781512605,0.0,0.0,0.007352941176470588,0.009453781512605041
36740,0.2213855421686747,0.7650602409638554,0.0,0.0015060240963855422,0.006024096385542169,0.006024096385542169
36742,0.5935787000783085,0.37470634299138605,0.00039154267815191856,0.0023492560689115116,0.003523884103367267,0.025450274079874706
36744,0.3129801860088961,0.6712494945410432,0.0033697263782180888,0.0008087343307723412,0.004448038819247877,0.007143819921822348
36748,0.5389570552147239,0.4312883435582822,0.0036809815950920245,0.0009202453987730061,0.007668711656441718,0.017484662576687116
36749,0.5647382920110193,0.411386593204775,0.0,0.005509641873278237,0.011019283746556474,0.0073461891643709825
36750,0.7505175983436854,0.2104899930986888,0.0013802622498274672,0.0010351966873706005,0.008281573498964804,0.028295376121463083
36751,0.042328042328042326,0.9502645502645503,0.0,0.0010582010582010583,0.0031746031746031746,0.0031746031746031746
36752,0.5271176112126752,0.449725776965265,0.0006093845216331506,0.0042656916514320535,0.008531383302864107,0.009750152346130409
36753,0.15294117647058825,0.8235294117647058,0.011764705882352941,0.0,0.0,0.011764705882352941
36754,0.19476744186046513,0.8023255813953488,0.0,0.0,0.0029069767441860465,0.0
36756,0.39097988319273197,0.5825762491888384,0.0055158987670343934,0.002109020116807268,0.003893575600259572,0.01492537313432836
36758,0.6657223796033994,0.31586402266288954,0.000708215297450425,0.002124645892351275,0.007790368271954674,0.007790368271954674
36759,0.3144570286475683,0.6675549633577615,0.0,0.004663557628247834,0.001998667554963358,0.011325782811459028
36761,0.20930232558139536,0.772609819121447,0.0008613264427217916,0.0008613264427217916,0.00516795865633075,0.01119724375538329
36763,0.8057553956834532,0.15827338129496402,0.0,0.0,0.007194244604316547,0.02877697841726619
36765,0.2775193798449612,0.7054263565891473,0.0,0.0,0.005426356589147287,0.011627906976744186
36766,0.44,0.56,0.0,0.0,0.0,0.0
36767,0.15357852882703776,0.8399602385685885,0.0,0.002485089463220676,0.0014910536779324055,0.002485089463220676
36768,0.2791970802919708,0.7016423357664233,0.002737226277372263,0.0009124087591240876,0.002737226277372263,0.012773722627737226
36769,0.31861931629605045,0.6697643544639893,0.0003318951211417192,0.0033189512114171925,0.0019913707268503153,0.005974112180550946
36773,0.1484375,0.81640625,0.0,0.0,0.00390625,0.03125
36775,0.24,0.75,0.0,0.0,0.0,0.01
36776,0.08529214237743452,0.9093351242444594,0.000671591672263264,0.0,0.004029550033579583,0.000671591672263264
36782,0.4856548856548857,0.5018711018711018,0.0004158004158004158,0.0012474012474012475,0.0033264033264033266,0.007484407484407485
36783,0.44761904761904764,0.5185185185185185,0.0031746031746031746,0.006349206349206349,0.007407407407407408,0.016931216931216932
36784,0.5560862269265522,0.4209371369562411,0.006066864592745579,0.0020653156060410484,0.004905124564347489,0.009939331354072543
36785,0.2592274678111588,0.7253218884120172,0.0,0.0008583690987124463,0.005150214592274678,0.00944206008583691
36786,0.0809042236763831,0.9104699583581202,0.00029744199881023196,0.0005948839976204639,0.0023795359904818557,0.005353955978584175
36790,0.935251798561151,0.050359712230215826,0.007194244604316547,0.0,0.0,0.007194244604316547
36792,0.9272882805816938,0.04362703165098375,0.0,0.0,0.00427715996578272,0.02480752780153978
36793,0.920774647887324,0.056338028169014086,0.0017605633802816902,0.007042253521126761,0.01056338028169014,0.0035211267605633804
36801,0.48328377038839326,0.4396683788411282,0.016671172388933946,0.002117689465621339,0.009597188429305218,0.048661800486618
36804,0.6896265067395049,0.26471112166735944,0.011578884864319223,0.0033252182174455204,0.012172673831720209,0.018585594679650853
36830,0.7379314506396331,0.15079652425778423,0.06284697079411054,0.002474052618875211,0.013727974897417328,0.03222302679217958
36832,0.6452900358292892,0.27711007301918456,0.02884484557122772,0.0029933330309764618,0.013606059231711187,0.03215565331761078
36849,0.8567799301365515,0.0797078437599238,0.013020006351222612,0.0025404890441409977,0.016195617656398858,0.03175611305176247
36850,0.30654988575780656,0.6667936024371669,0.0007616146230007617,0.0034272658035034275,0.0057121096725057125,0.016755521706016758
36852,0.8360732738374824,0.1395021136683889,0.006575857209957727,0.0004697040864255519,0.013621418506341005,0.0037576326914044154
36853,0.752723311546841,0.2236746550472041,0.0036310820624546117,0.0033890099249576375,0.008351488743645608,0.00823045267489712
36854,0.7176284910450833,0.24758114321004596,0.009744047210594934,0.000960680710903726,0.009949907362931448,0.014135730460440539
36855,0.7736943907156673,0.20438426821405545,0.0012894906511927789,0.003223726627981947,0.008381689232753063,0.009026434558349452
36856,0.49419703103913626,0.3784075573549257,0.01700404858299595,0.0032388663967611335,0.03049932523616734,0.07665317139001349
36858,0.31065759637188206,0.6439909297052154,0.011337868480725623,0.0045351473922902496,0.024943310657596373,0.0045351473922902496
36859,0.4411764705882353,0.38235294117647056,0.0,0.0,0.0,0.17647058823529413
36860,0.16423589093214966,0.8021559923906152,0.0,0.0025364616360177557,0.0069752694990488275,0.02409638554216868
36861,0.8567923949708678,0.11192885617908616,0.0030665440049064702,0.0021465808034345293,0.012266176019625881,0.013799448022079115
36862,0.41452733313198425,0.5594986408939897,0.0019631531259438235,0.000453035336756267,0.007399577167019027,0.016158260344306855
36863,0.5469836093709775,0.4181755771046083,0.0018879258560027463,0.0030893332189135844,0.011327555136016475,0.01853599931348151
36865,0.5217391304347826,0.4782608695652174,0.0,0.0,0.0,0.0
36866,0.6254112882814478,0.34750696026322453,0.001771703366236396,0.0020248038471273096,0.011136421159200202,0.012148823082763858
36867,0.5964485307373355,0.33941770326302506,0.009329367225527312,0.0030647196682891654,0.017622138092662703,0.034117541013160266
36869,0.43969473796563135,0.4986124452983242,0.004536236524709147,0.0035222542427153377,0.01478279432169922,0.03885153164692069
36870,0.7786719249626946,0.15417821360051162,0.006128757194628011,0.0036239607759539546,0.01737369430824984,0.040023449157962056
36871,0.4815974941268598,0.4753328112764291,0.00548159749412686,0.0007830853563038371,0.014878621769772905,0.02192638997650744
36874,0.7462629845452243,0.22219407144666833,0.0019001773498859892,0.0038003546997719784,0.008107423359513555,0.0177349885989359
36875,0.6797230036788575,0.2685565894827959,0.005626487773209263,0.00497727764553127,0.017961480199091107,0.02315516122051504
36877,0.7903183372796633,0.15653775322283608,0.005174076997281417,0.004384811014645268,0.015873015873015872,0.027712005612558096
36879,0.6958174904942966,0.22433460076045628,0.04230038022813688,0.0009505703422053233,0.009980988593155894,0.02661596958174905
36901,0.11550151975683891,0.8541033434650456,0.015197568389057751,0.0,0.0,0.015197568389057751
36904,0.6225538160469667,0.3620352250489237,0.001467710371819961,0.0022015655577299416,0.005136986301369864,0.006604696673189824
36907,0.23471502590673576,0.7512953367875648,0.0,0.0015544041450777201,0.005699481865284974,0.006735751295336788
36908,0.8477451386015722,0.14232519652461728,0.0004137360364087712,0.0004137360364087712,0.004551096400496483,0.004551096400496483
36910,0.6857142857142857,0.2857142857142857,0.0,0.0,0.0,0.02857142857142857
36912,0.1457610312345067,0.842835894893406,0.0,0.0019831432821021317,0.006445215666831929,0.002974714923153198
36913,0.8679245283018868,0.1320754716981132,0.0,0.0,0.0,0.0
36915,0.7496012759170654,0.23444976076555024,0.003189792663476874,0.001594896331738437,0.003189792663476874,0.007974481658692184
36916,0.3511988716502116,0.6473906911142454,0.0,0.0,0.0014104372355430183,0.0
36919,0.45870275314979003,0.5338310779281381,0.0,0.0009332711152589828,0.003733084461035931,0.0027998133457769483
36921,0.7719806763285024,0.21159420289855072,0.002898550724637681,0.0,0.0,0.01352657004830918
36922,0.29878048780487804,0.6935975609756098,0.001524390243902439,0.001524390243902439,0.0,0.004573170731707317
36925,0.15184590690208669,0.8346709470304976,0.00032102728731942215,0.0016051364365971107,0.0019261637239165329,0.009630818619582664
38852,0.9803921568627451,0.0,0.0,0.0,0.0,0.0196078431372549
